                  epoch,         train/box_loss,        train/pose_loss,        train/kobj_loss,         train/cls_loss,         train/dfl_loss,   metrics/precision(B),      metrics/recall(B),       metrics/mAP50(B),    metrics/mAP50-95(B),   metrics/precision(P),      metrics/recall(P),       metrics/mAP50(P),    metrics/mAP50-95(P),           val/box_loss,          val/pose_loss,          val/kobj_loss,           val/cls_loss,           val/dfl_loss,                 lr/pg0,                 lr/pg1,                 lr/pg2
                      1,                0.82028,                 4.5614,                0.47957,                0.89151,                 1.1653,                0.68276,                0.92771,                 0.8874,                0.72218,                0.60145,                0.37931,                0.41492,                0.13653,                0.69432,                 4.6829,                0.70215,                0.77202,                0.97852,                0.00028,                0.00028,                0.00028
                      2,                0.79222,                 4.1456,                0.37367,                0.68052,                 1.1173,                0.83159,                0.85143,                0.90452,                0.70894,                0.55219,                0.67241,                0.53889,                0.15482,                0.77492,                 4.0753,                0.52949,                0.93683,                 1.1097,             0.00057617,             0.00057617,             0.00057617
                      3,                0.80551,                 4.3376,                0.37887,                0.69906,                 1.1145,                0.83965,                0.81255,                0.89648,                0.65834,                0.75329,                0.56897,                0.61728,                 0.1783,                0.90201,                 4.4442,                0.41697,                 1.1903,                 1.2081,             0.00086838,             0.00086838,             0.00086838
                      4,                 0.8551,                 4.5558,                0.37006,                0.76129,                 1.1555,                0.87799,                0.77586,                0.84696,                0.66192,                0.65596,                0.51724,                0.44663,                0.12098,                0.84406,                 4.8611,                0.51849,                 1.4333,                 1.1841,              0.0011566,              0.0011566,              0.0011566
                      5,                0.97259,                 4.8425,                 0.3613,                0.81556,                  1.204,                 0.8055,                0.81034,                0.87865,                 0.6997,                0.52628,                    0.5,                0.42911,                0.09735,                0.84843,                 4.7033,                 0.3543,                 1.2702,                 1.1591,              0.0014409,              0.0014409,              0.0014409
                      6,                0.85128,                 4.1349,                0.36554,                0.71746,                 1.1628,                 0.7932,                0.77586,                0.87047,                0.59858,                0.58765,                0.53448,                0.52586,                0.14812,                0.94774,                 4.3932,                0.43436,                  1.592,                 1.1964,              0.0017213,              0.0017213,              0.0017213
                      7,                0.94493,                 4.4477,                0.35094,                0.73702,                 1.1675,                0.72015,                0.88743,                0.84849,                0.59092,                0.26716,                0.27586,                0.12365,                0.02814,                0.95598,                 5.8567,                0.22492,                 1.9003,                 1.1947,              0.0019208,              0.0019208,              0.0019208
                      8,                0.91012,                 4.4976,                0.35855,                0.71823,                  1.156,                0.74464,                0.81034,                0.84641,                0.62391,                0.31635,                0.32759,                 0.1908,                0.06164,                0.93589,                 5.8224,                0.27526,                 1.4892,                 1.1481,              0.0019076,              0.0019076,              0.0019076
                      9,                0.88167,                  4.372,                0.35373,                0.68002,                 1.1506,                0.84446,                0.67241,                0.73339,                0.57505,                0.56297,                0.44828,                0.38919,                0.11225,                0.92007,                  5.096,                0.25695,                 1.7966,                 1.1533,              0.0018944,              0.0018944,              0.0018944
                     10,                0.84767,                 4.2644,                0.36252,                0.67858,                 1.1075,                0.72209,                0.77586,                0.77385,                 0.5801,                0.38547,                0.41379,                0.19667,                0.05729,                0.89568,                 4.9871,                0.24213,                 2.5665,                 1.1498,              0.0018812,              0.0018812,              0.0018812
                     11,                0.85853,                 4.1469,                0.33622,                0.71095,                 1.1221,                0.81122,                0.81502,                0.85726,                0.66385,                0.57445,                0.43103,                0.33479,                0.07736,                0.87877,                 4.8776,                0.18196,                  1.101,                 1.1602,               0.001868,               0.001868,               0.001868
                     12,                0.85491,                  3.786,                0.32547,                 0.6813,                 1.1166,                0.80573,                0.85815,                0.90598,                0.69697,                0.68304,                0.62069,                0.59017,                0.15393,                0.82829,                 4.4116,                0.45389,                  1.215,                 1.0791,              0.0018548,              0.0018548,              0.0018548
                     13,                0.81052,                 3.6896,                0.31571,                0.67664,                 1.1161,                0.86411,                0.81034,                0.92702,                0.77607,                0.56207,                0.72414,                0.60942,                0.17826,                0.67993,                 4.1323,                  0.243,                0.87958,                0.93588,              0.0018416,              0.0018416,              0.0018416
                     14,                 0.8139,                 3.6674,                0.32809,                0.67923,                 1.1063,                0.92023,                0.77586,                0.93084,                0.74373,                0.69631,                0.56897,                0.60332,                0.18069,                0.83561,                 4.2233,                0.18849,                0.72157,                 1.0567,              0.0018284,              0.0018284,              0.0018284
                     15,                0.76952,                 3.7627,                0.32669,                 0.6189,                 1.0976,                0.79073,                0.84692,                0.91164,                0.70853,                0.79882,                0.48276,                0.56387,                0.21748,                0.76129,                 4.2826,                0.25776,                0.99479,                 1.0365,              0.0018152,              0.0018152,              0.0018152
                     16,                0.80635,                 3.5436,                0.31749,                0.63056,                 1.1043,                0.87509,                0.72473,                0.90793,                0.73787,                0.70989,                0.59072,                0.65336,                 0.1987,                 0.7654,                 4.0308,                0.27402,                0.75128,                  1.048,               0.001802,               0.001802,               0.001802
                     17,                0.77143,                 3.7098,                 0.3242,                0.61537,                 1.0895,                0.83434,                0.78161,                0.88476,                0.68851,                0.71012,                0.63361,                0.63051,                0.16484,                0.86145,                 4.1098,                0.26265,                0.86311,                  1.113,              0.0017888,              0.0017888,              0.0017888
                     18,                0.76572,                 3.7293,                0.30742,                0.60456,                 1.0707,                0.81531,                0.93103,                 0.9217,                0.73293,                0.61825,                 0.7069,                0.56415,                0.13343,                0.82688,                  4.109,                0.33185,                0.76074,                  1.051,              0.0017756,              0.0017756,              0.0017756
                     19,                0.75486,                 3.3988,                0.29978,                0.59824,                 1.0839,                0.86076,                0.85274,                0.92498,                0.69582,                0.70467,                 0.7069,                 0.6676,                0.20125,                0.83568,                 4.0006,                0.30961,                0.82916,                 1.1259,              0.0017624,              0.0017624,              0.0017624
                     20,                0.80829,                 3.7359,                0.28812,                 0.6075,                 1.1192,                0.91447,                0.82759,                0.92495,                0.71913,                0.79748,                    0.5,                0.56588,                0.19519,                0.81929,                 4.1417,                0.25514,                0.84225,                  1.089,              0.0017492,              0.0017492,              0.0017492
                     21,                  0.724,                 3.5169,                0.30305,                0.58991,                 1.0629,                0.85188,                0.91379,                0.94891,                0.74262,                0.70021,                0.60408,                0.57433,                0.21987,                0.81602,                 4.0979,                0.15124,                0.75726,                 1.0331,               0.001736,               0.001736,               0.001736
                     22,                0.72999,                 3.5252,                0.30743,                0.58866,                 1.0444,                0.89461,                0.75862,                0.86059,                0.69859,                0.69055,                0.58621,                0.51541,                0.15355,                0.73413,                 4.1643,                0.33117,                0.86719,                 1.0326,              0.0017228,              0.0017228,              0.0017228
                     23,                0.71943,                 3.6289,                 0.3298,                0.59454,                 1.0705,                0.86435,                0.82759,                0.89091,                 0.7404,                0.69848,                0.67906,                0.59175,                0.16678,                0.73837,                  3.974,                0.43024,                0.81698,                 1.0578,              0.0017096,              0.0017096,              0.0017096
                     24,                0.71115,                 3.6556,                0.30594,                 0.5775,                 1.0677,                  0.868,                0.79365,                0.90156,                0.75723,                0.75615,                0.69508,                0.70347,                0.23108,                0.73027,                 3.7104,                0.23079,                0.79233,                0.98952,              0.0016964,              0.0016964,              0.0016964
                     25,                0.67471,                 3.6924,                0.31138,                0.55429,                 1.0264,                0.84879,                0.82759,                0.92415,                  0.788,                0.73701,                0.72414,                0.71926,                0.25029,                0.71949,                 3.7524,                0.25325,                0.78128,                0.97442,              0.0016832,              0.0016832,              0.0016832
                     26,                0.67903,                 3.3356,                0.29173,                0.55993,                 1.0281,                0.89423,                0.87471,                0.92035,                0.77867,                0.80771,                0.72414,                 0.7152,                0.19703,                0.68112,                 3.9029,                0.21348,                0.72054,                0.95921,                0.00167,                0.00167,                0.00167
                     27,                0.75342,                 3.5905,                0.29059,                0.57106,                 1.0809,                0.92608,                0.87931,                0.94338,                0.81138,                0.73061,                0.67241,                0.67157,                 0.2455,                0.66433,                 3.8561,                0.25654,                0.64002,                0.95264,              0.0016568,              0.0016568,              0.0016568
                     28,                 0.7178,                 3.6241,                0.29768,                0.56076,                 1.0564,                0.91026,                0.86207,                0.92302,                0.76168,                0.79303,                0.62069,                0.63859,                 0.2267,                0.74368,                 3.7882,                 0.2673,                0.81554,                 0.9916,              0.0016436,              0.0016436,              0.0016436
                     29,                0.67848,                 3.4555,                0.29344,                0.53414,                 1.0314,                0.80035,                0.89655,                0.92142,                0.71014,                0.67193,                0.68966,                0.63741,                0.18329,                0.69693,                 3.9142,                0.20097,                0.84348,                0.97782,              0.0016304,              0.0016304,              0.0016304
                     30,                0.66562,                 3.2239,                0.27551,                0.51612,                  1.027,                0.91523,                0.87931,                0.95663,                0.79771,                0.82104,                0.74138,                0.75715,                0.26971,                 0.6931,                 3.7897,                0.29285,                 0.5632,                 0.9307,              0.0016172,              0.0016172,              0.0016172
                     31,                0.66269,                 3.3667,                 0.2888,                 0.5508,                 1.0164,                0.86367,                0.89655,                0.95275,                0.82636,                 0.7221,                0.75862,                0.76556,                0.26226,                0.55376,                 3.8087,                0.20086,                0.58309,                0.87011,               0.001604,               0.001604,               0.001604
                     32,                0.70942,                 3.2731,                0.29929,                0.55066,                 1.0537,                0.75992,                0.96552,                0.94363,                0.77337,                0.68063,                0.86207,                  0.796,                0.25759,                0.70708,                 3.7865,                0.33933,                0.64764,                0.90906,              0.0015908,              0.0015908,              0.0015908
                     33,                0.67151,                 3.1555,                0.29067,                0.54879,                 1.0288,                0.76132,                0.98995,                0.94821,                0.82685,                0.65529,                0.85223,                0.76331,                0.32415,                0.59312,                 3.5448,                 0.3716,                0.55265,                0.87227,              0.0015776,              0.0015776,              0.0015776
                     34,                0.63954,                 3.2795,                0.28306,                0.52623,                 1.0075,                0.80415,                      1,                0.94108,                0.82027,                0.67952,                0.84088,                0.73913,                0.31334,                0.60827,                 3.6405,                0.27628,                0.57118,                0.90686,              0.0015644,              0.0015644,              0.0015644
                     35,                0.65384,                 3.1534,                0.28556,                0.52401,                 1.0269,                0.85204,                0.91379,                0.94761,                0.80494,                0.70563,                 0.7853,                 0.7187,                0.26888,                0.65504,                 3.6486,                0.47389,                0.65032,                0.92165,              0.0015512,              0.0015512,              0.0015512
                     36,                0.69195,                 3.3568,                0.27014,                0.53856,                 1.0197,                0.85438,                0.91379,                0.95358,                0.81829,                0.76293,                0.84483,                0.82853,                0.28212,                0.62496,                 3.5554,                0.20628,                0.61401,                0.90205,               0.001538,               0.001538,               0.001538
                     37,                0.65344,                 3.2445,                0.28279,                0.53737,                 1.0289,                0.85897,                0.94515,                0.95902,                 0.8407,                0.77011,                0.80862,                0.79948,                 0.2864,                0.60012,                 3.5786,                0.26453,                0.57244,                0.89342,              0.0015248,              0.0015248,              0.0015248
                     38,                0.65131,                 3.1296,                 0.2691,                0.52017,                 1.0319,                0.77318,                0.94828,                0.94135,                0.80343,                0.64993,                 0.7931,                0.70066,                0.25017,                0.65814,                 3.6589,                0.32498,                0.64055,                0.91497,              0.0015116,              0.0015116,              0.0015116
                     39,                0.61883,                 2.9061,                0.25727,                0.50368,                 1.0022,                0.85701,                0.93001,                0.94428,                0.80748,                0.73914,                 0.7931,                0.72983,                0.27392,                0.65529,                  3.654,                0.27203,                 0.6553,                0.90377,              0.0014984,              0.0014984,              0.0014984
                     40,                0.59954,                 3.1464,                0.26547,                0.50386,                 1.0117,                0.86165,                 0.8591,                0.92608,                0.79312,                 0.7228,                0.72414,                0.70129,                0.27721,                0.68682,                 3.6227,                0.36708,                0.64745,                 0.9113,              0.0014852,              0.0014852,              0.0014852
                     41,                0.64137,                 3.0579,                0.28212,                 0.5341,                 1.0124,                0.79021,                0.94828,                0.94383,                0.82778,                0.67412,                0.81034,                0.75455,                0.27998,                0.62995,                 3.6687,                0.40885,                 0.5618,                0.90682,               0.001472,               0.001472,               0.001472
                     42,                0.60765,                 3.2124,                0.27239,                  0.509,                 0.9969,                0.84362,                0.94828,                0.95649,                0.83603,                0.75597,                0.75862,                0.74585,                0.26894,                0.60132,                 3.5987,                0.22578,                0.53055,                0.89296,              0.0014588,              0.0014588,              0.0014588
                     43,                0.63376,                 3.1568,                0.27018,                0.51682,                  1.025,                0.84036,                0.93103,                 0.9468,                0.81725,                0.71356,                 0.7931,                0.73336,                0.29082,                0.60879,                 3.5897,                0.23185,                0.56289,                0.94755,              0.0014456,              0.0014456,              0.0014456
                     44,                0.60974,                  3.277,                0.27511,                0.48355,                 1.0271,                0.78747,                0.94828,                0.93915,                0.81299,                0.73758,                0.87236,                0.81319,                0.25956,                0.59378,                 3.7043,                0.23528,                0.57607,                0.94067,              0.0014324,              0.0014324,              0.0014324
                     45,                0.59261,                 2.9077,                0.25407,                0.49327,                 1.0083,                0.85429,                0.89655,                0.95282,                 0.8295,                0.71749,                0.86207,                0.82126,                0.31666,                0.55906,                 3.5192,                0.23492,                0.52607,                0.90429,              0.0014192,              0.0014192,              0.0014192
                     46,                0.60364,                 3.1009,                0.26892,                0.50179,                  1.012,                0.92386,                0.82759,                0.95321,                0.81649,                0.82118,                0.71266,                0.79043,                0.25087,                0.57967,                 3.6258,                0.21995,                0.51842,                 0.8923,               0.001406,               0.001406,               0.001406
                     47,                0.59541,                 3.1978,                0.26321,                0.49176,                0.99905,                 0.8393,                0.90054,                0.94501,                0.81861,                0.71187,                0.76684,                0.69135,                0.22996,                0.59809,                 3.5934,                0.29048,                 0.5084,                0.89384,              0.0013928,              0.0013928,              0.0013928
                     48,                 0.5889,                 3.0483,                0.26483,                0.48725,                0.99377,                 0.8762,                0.87931,                0.96183,                0.84115,                0.70521,                 0.7069,                0.66136,                0.23366,                0.58952,                 3.5829,                0.25815,                0.50344,                0.86755,              0.0013796,              0.0013796,              0.0013796
                     49,                0.60073,                 2.9946,                0.25088,                0.46669,                 1.0029,                0.80395,                0.94828,                0.95608,                0.84121,                0.74499,                0.87931,                0.84237,                0.27899,                0.56446,                 3.5378,                0.25771,                0.52092,                0.85917,              0.0013664,              0.0013664,              0.0013664
                     50,                 0.6342,                 3.1545,                0.25473,                0.50927,                 1.0144,                0.88046,                0.88902,                0.95869,                0.82813,                0.69524,                0.82759,                0.75738,                0.26227,                0.59125,                 3.4806,                0.39284,                 0.5221,                0.88568,              0.0013532,              0.0013532,              0.0013532
                     51,                0.55805,                 2.9327,                0.26023,                0.44786,                0.97439,                0.88126,                0.89577,                0.94693,                0.82839,                0.74205,                0.84322,                 0.7953,                0.31239,                0.60382,                 3.4756,                0.30513,                0.54173,                0.89877,                0.00134,                0.00134,                0.00134
                     52,                0.60299,                 3.0306,                0.26522,                0.49419,                 1.0028,                0.83182,                0.93103,                0.95288,                0.83849,                0.72133,                0.81034,                0.79596,                0.31764,                0.58397,                 3.4177,                0.28329,                0.53207,                0.88066,              0.0013268,              0.0013268,              0.0013268
                     53,                0.61229,                 3.1093,                0.26083,                0.50591,                 1.0102,                0.83026,                0.92769,                0.94912,                0.83024,                0.74212,                0.84483,                0.81854,                0.30585,                0.61415,                 3.4365,                0.32095,                0.53441,                 0.9032,              0.0013136,              0.0013136,              0.0013136
                     54,                 0.5846,                 2.9409,                0.25739,                0.48442,                0.98647,                0.86117,                0.93103,                0.95713,                0.82524,                0.77984,                0.84483,                0.83309,                0.29485,                0.57228,                 3.4127,                0.27312,                0.55009,                0.86796,              0.0013004,              0.0013004,              0.0013004
                     55,                0.56789,                 2.9062,                0.24445,                0.47109,                 1.0033,                0.93466,                0.87931,                0.96434,                0.83998,                0.83884,                0.77586,                0.82628,                0.30805,                0.59985,                 3.4842,                0.41703,                0.48788,                0.90455,              0.0012872,              0.0012872,              0.0012872
                     56,                0.59346,                 3.1128,                0.25607,                0.46586,                 1.0022,                0.80704,                0.94828,                0.95911,                0.83836,                0.78958,                0.82759,                0.85842,                0.29252,                0.57168,                 3.4821,                0.26994,                0.53518,                0.89167,               0.001274,               0.001274,               0.001274
                     57,                0.57204,                 2.9477,                0.24619,                0.46844,                 1.0045,                0.86665,                0.94828,                0.96128,                 0.8425,                0.76812,                0.84483,                0.77883,                 0.2739,                0.57468,                 3.4634,                0.29514,                0.54522,                0.88573,              0.0012608,              0.0012608,              0.0012608
                     58,                0.53804,                 2.7633,                0.25379,                0.44311,                0.96564,                0.87298,                0.94828,                0.96044,                0.83219,                0.79014,                0.86207,                0.82418,                 0.2752,                0.59798,                 3.4524,                 0.3128,                0.54899,                 0.9004,              0.0012476,              0.0012476,              0.0012476
                     59,                0.56703,                 2.9872,                0.25538,                 0.4678,                0.98217,                0.85068,                0.96552,                 0.9591,                0.84863,                0.74387,                0.84483,                0.80888,                0.30954,                0.55859,                 3.4456,                0.27689,                0.51944,                0.87953,              0.0012344,              0.0012344,              0.0012344
                     60,                0.56179,                 2.7089,                0.24392,                0.43599,                0.98514,                0.87473,                0.96314,                0.95173,                0.84883,                0.73428,                0.80997,                0.69108,                0.25587,                0.50167,                 3.4834,                0.26255,                0.53412,                0.82288,              0.0012212,              0.0012212,              0.0012212
                     61,                0.54855,                 2.9385,                0.25591,                0.45085,                0.97221,                0.83114,                0.93352,                0.94431,                0.84983,                0.76997,                0.86573,                0.82933,                0.28905,                0.49106,                 3.4311,                0.24714,                0.49366,                0.83769,               0.001208,               0.001208,               0.001208
                     62,                0.54199,                 2.7029,                0.24789,                0.43595,                0.95227,                0.82506,                0.97585,                0.94358,                0.83932,                0.75227,                 0.8901,                0.78741,                0.27059,                0.51944,                 3.5425,                0.28526,                0.50617,                0.86055,              0.0011948,              0.0011948,              0.0011948
                     63,                0.56223,                 2.9331,                0.26378,                0.47276,                0.99456,                0.82522,                0.98276,                0.95023,                0.84539,                0.75239,                0.89655,                0.79134,                0.28146,                0.54777,                 3.5369,                0.32688,                0.51931,                0.87785,              0.0011816,              0.0011816,              0.0011816
                     64,                0.53708,                  2.787,                0.24505,                0.45367,                0.97899,                0.85019,                0.93103,                0.95432,                0.82192,                0.72446,                0.86207,                0.78014,                0.29851,                0.58573,                 3.4204,                0.24501,                0.50587,                0.88884,              0.0011684,              0.0011684,              0.0011684
                     65,                0.53876,                 2.7918,                0.23995,                0.42435,                 0.9665,                 0.8379,                0.94828,                0.95316,                0.84136,                0.76104,                0.86207,                0.79872,                0.29351,                0.54275,                 3.4468,                0.24464,                0.49248,                0.87743,              0.0011552,              0.0011552,              0.0011552
                     66,                0.54946,                 3.0326,                0.26005,                 0.4483,                0.97334,                0.88098,                0.93103,                0.95689,                0.84503,                0.74907,                0.87499,                0.79528,                0.28094,                0.52831,                 3.4101,                0.39793,                0.47717,                0.85989,               0.001142,               0.001142,               0.001142
                     67,                 0.5455,                 2.8157,                0.25568,                0.44225,                0.99226,                 0.8294,                0.93103,                0.94523,                0.82183,                0.72741,                0.82816,                0.76869,                0.27544,                 0.5933,                 3.4666,                0.32099,                0.50119,                0.90377,              0.0011288,              0.0011288,              0.0011288
                     68,                 0.5374,                  2.929,                0.25139,                0.42803,                0.95668,                0.82199,                0.96552,                0.96104,                 0.8503,                0.78699,                0.93103,                0.90236,                 0.3072,                0.56392,                 3.4163,                0.22595,                0.48846,                0.89355,              0.0011156,              0.0011156,              0.0011156
                     69,                 0.5216,                 2.6516,                0.24601,                0.42384,                0.97772,                0.85667,                0.92748,                0.96548,                0.85045,                0.80855,                0.87931,                 0.8818,                0.33244,                0.59264,                 3.4071,                0.41597,                0.50589,                 0.8873,              0.0011024,              0.0011024,              0.0011024
                     70,                0.51831,                 2.5247,                0.24939,                0.42009,                0.96933,                 0.8769,                0.87931,                0.95063,                 0.8341,                0.82494,                0.82759,                0.86393,                0.32012,                0.53661,                 3.3068,                0.54641,                0.53308,                0.85192,              0.0010892,              0.0010892,              0.0010892
                     71,                0.52774,                 2.9133,                0.23712,                0.45431,                0.97527,                0.85914,                0.94647,                 0.9648,                0.84145,                0.76696,                 0.7931,                0.80146,                0.31564,                0.58145,                 3.2974,                0.24944,                0.50005,                0.86541,               0.001076,               0.001076,               0.001076
                     72,                0.52445,                 2.8001,                 0.2475,                0.45209,                0.95371,                0.82552,                0.96552,                0.95736,                0.84462,                0.77082,                0.91379,                0.88476,                0.31421,                0.54232,                 3.4038,                0.20326,                0.47716,                0.85371,              0.0010628,              0.0010628,              0.0010628
                     73,                0.50461,                 2.9485,                0.24466,                0.42539,                0.97377,                0.85779,                  0.936,                0.95148,                0.83411,                0.79495,                0.86899,                0.83572,                0.29788,                 0.5787,                 3.4371,                0.26825,                 0.4875,                0.89937,              0.0010496,              0.0010496,              0.0010496
                     74,                0.52579,                 2.6492,                0.23096,                0.42664,                0.96661,                0.86131,                0.94828,                0.96198,                0.85332,                0.77661,                0.86207,                0.83976,                0.30503,                0.53505,                  3.423,                0.35461,                0.47827,                0.87495,              0.0010364,              0.0010364,              0.0010364
                     75,                0.51167,                 2.6469,                0.24127,                0.41996,                0.95004,                 0.8552,                0.91649,                0.94147,                0.82153,                0.75873,                0.81333,                 0.8014,                0.31645,                 0.5678,                 3.3868,                0.37791,                0.52619,                0.89574,              0.0010232,              0.0010232,              0.0010232
                     76,                0.49616,                 2.9421,                0.24504,                0.41436,                0.95139,                0.79117,                0.98276,                0.95036,                 0.8339,                0.73489,                0.91379,                0.84321,                 0.3096,                0.55022,                 3.3725,                0.35739,                0.57824,                0.86978,                0.00101,                0.00101,                0.00101
                     77,                0.50853,                 2.6871,                0.23503,                0.41892,                 0.9534,                0.79385,                0.92956,                0.91913,                0.81809,                0.73507,                0.86109,                0.79887,                0.26854,                0.51856,                 3.4297,                0.34774,                0.57612,                0.84202,              0.0009968,              0.0009968,              0.0009968
                     78,                0.51954,                 2.8191,                0.22465,                0.43306,                0.97053,                0.80525,                0.99807,                 0.9584,                0.87421,                0.73586,                0.91265,                0.84624,                0.33103,                0.48654,                 3.3555,                0.31327,                0.46789,                0.80396,              0.0009836,              0.0009836,              0.0009836
                     79,                0.50598,                  2.658,                0.23473,                0.40382,                0.95382,                0.82327,                      1,                0.96089,                0.86416,                0.76402,                0.93103,                0.85936,                0.35485,                0.53771,                 3.3178,                0.24225,                0.47917,                0.84883,              0.0009704,              0.0009704,              0.0009704
                     80,                0.51394,                  2.861,                0.23525,                0.41298,                0.96402,                0.87159,                0.96552,                0.96377,                0.85924,                0.79307,                0.87931,                 0.8334,                0.32453,                0.52661,                 3.3843,                0.19755,                0.48842,                0.85397,              0.0009572,              0.0009572,              0.0009572
                     81,                0.50285,                 2.5638,                 0.2356,                0.41546,                0.96534,                0.92288,                0.86207,                0.95294,                0.85535,                0.82971,                0.77586,                0.82371,                0.31782,                0.53736,                 3.3494,                0.20706,                0.49389,                0.85289,               0.000944,               0.000944,               0.000944
                     82,                0.52222,                 2.8783,                0.23702,                0.43417,                0.96697,                 0.9201,                0.86207,                0.95721,                0.84147,                0.79317,                0.85959,                0.85663,                0.32852,                0.54784,                 3.3064,                0.30322,                0.48549,                0.85879,              0.0009308,              0.0009308,              0.0009308
                     83,                0.49857,                 2.5769,                0.22786,                0.41753,                0.96823,                0.85151,                0.91379,                0.94969,                0.84298,                0.77076,                0.82759,                0.81714,                0.31458,                0.50993,                 3.3152,                0.26772,                0.52161,                 0.8383,              0.0009176,              0.0009176,              0.0009176
                     84,                0.48304,                 2.7022,                0.22687,                  0.408,                 0.9594,                0.83773,                0.94828,                0.95658,                0.83889,                0.71441,                0.81034,                0.76212,                0.29467,                0.52527,                 3.3362,                 0.3464,                0.50438,                0.86057,              0.0009044,              0.0009044,              0.0009044
                     85,                0.50551,                 2.8414,                0.22996,                 0.4224,                0.95933,                0.85071,                0.98248,                0.95841,                0.83548,                0.79083,                0.91379,                 0.8492,                0.31766,                0.56202,                 3.3077,                0.32741,                0.44838,                0.89305,              0.0008912,              0.0008912,              0.0008912
                     86,                0.50962,                 2.5901,                0.22657,                0.41704,                0.96432,                0.93889,                0.87931,                0.94739,                0.83534,                0.86496,                0.81034,                0.83558,                0.32878,                0.53049,                 3.3108,                0.30031,                0.48749,                0.86541,               0.000878,               0.000878,               0.000878
                     87,                0.47424,                 2.7786,                0.23999,                0.38919,                0.95306,                0.85896,                0.94509,                0.94012,                0.84184,                0.76509,                0.84235,                0.78663,                0.27523,                0.51459,                 3.4434,                 0.2867,                0.55154,                0.86158,              0.0008648,              0.0008648,              0.0008648
                     88,                0.47218,                 2.5148,                 0.2111,                0.38581,                0.94593,                0.85696,                0.92963,                0.95969,                 0.8488,                0.77697,                0.84483,                0.84014,                0.33452,                0.54507,                 3.3269,                0.22517,                0.51551,                0.87579,              0.0008516,              0.0008516,              0.0008516
                     89,                0.50268,                 2.5927,                0.21699,                0.40829,                0.97225,                0.85368,                0.90542,                0.95527,                 0.8429,                0.78738,                0.84483,                0.85606,                0.36419,                0.56269,                   3.28,                0.20356,                0.49285,                0.88186,              0.0008384,              0.0008384,              0.0008384
                     90,                 0.4913,                 2.4301,                0.23239,                0.41094,                0.96263,                0.85316,                0.87931,                0.91622,                0.81634,                0.76107,                0.84483,                0.80035,                0.33532,                0.53871,                 3.3638,                0.26915,                0.56007,                0.87223,              0.0008252,              0.0008252,              0.0008252
                     91,                0.49969,                 2.3989,                0.22584,                0.41974,                0.95844,                0.77592,                0.95527,                0.94159,                0.83841,                0.69918,                0.87931,                0.83913,                0.35999,                0.54962,                 3.3124,                0.34453,                0.50308,                0.87324,               0.000812,               0.000812,               0.000812
                     92,                0.47578,                 2.4517,                0.22125,                0.40071,                0.94035,                0.82929,                 0.9214,                0.94944,                0.85185,                0.76722,                0.85244,                 0.8542,                0.32579,                0.52355,                 3.3655,                 0.2569,                0.48943,                0.85695,              0.0007988,              0.0007988,              0.0007988
                     93,                0.45747,                 2.4922,                0.22045,                0.38973,                0.93482,                0.80132,                0.97362,                0.95254,                 0.8525,                0.75893,                 0.9228,                0.86937,                0.31661,                0.53328,                 3.3724,                0.24707,                0.50169,                 0.8547,              0.0007856,              0.0007856,              0.0007856
                     94,                0.46608,                 2.4422,                0.21816,                0.38386,                0.95321,                0.94203,                0.84483,                0.94109,                 0.8498,                0.88409,                0.78913,                0.85782,                0.32738,                 0.5225,                 3.3699,                0.37447,                 0.5351,                0.86145,              0.0007724,              0.0007724,              0.0007724
                     95,                0.47874,                 2.5419,                0.22331,                0.39064,                0.95726,                0.91745,                0.84483,                0.94487,                0.84804,                0.85908,                 0.7931,                0.84975,                0.31965,                0.51744,                 3.4069,                0.31283,                0.56894,                0.86613,              0.0007592,              0.0007592,              0.0007592
                     96,                0.46294,                 2.7332,                0.23029,                0.39105,                0.93973,                0.83835,                0.93103,                0.94553,                0.86805,                0.79177,                0.87931,                0.85719,                0.33041,                0.47299,                 3.3548,                0.30806,                0.51652,                0.84639,               0.000746,               0.000746,               0.000746
                     97,                0.44629,                  2.324,                 0.2189,                0.37661,                0.93138,                  0.802,                0.97776,                0.95212,                0.87079,                0.75963,                0.92633,                0.86354,                0.33437,                0.46659,                 3.2854,                0.31989,                 0.4932,                0.83268,              0.0007328,              0.0007328,              0.0007328
                     98,                0.45718,                 2.3733,                0.22457,                0.37754,                 0.9509,                0.85441,                0.91069,                 0.9493,                0.86367,                0.75205,                0.87931,                0.84769,                0.32263,                0.47114,                 3.2691,                0.28825,                0.50162,                 0.8582,              0.0007196,              0.0007196,              0.0007196
                     99,                0.43819,                 2.2571,                0.21709,                0.35948,                0.93993,                0.82299,                0.96199,                0.94211,                0.84213,                0.73449,                0.85855,                0.79022,                0.32243,                0.49312,                 3.3215,                0.27877,                0.50545,                0.86687,              0.0007064,              0.0007064,              0.0007064
                    100,                0.45879,                  2.526,                0.21246,                0.37548,                0.95647,                 0.8214,                0.95155,                0.93045,                0.82958,                0.73296,                0.85189,                0.78645,                0.31658,                0.52047,                   3.34,                0.39072,                0.52898,                0.89225,              0.0006932,              0.0006932,              0.0006932
                    101,                0.42085,                 2.6094,                0.21788,                0.36249,                0.92928,                0.82103,                0.91379,                0.92569,                0.82681,                0.77055,                0.86207,                0.84216,                0.31539,                0.49809,                 3.3746,                0.37432,                0.54461,                 0.8922,                0.00068,                0.00068,                0.00068
                    102,                0.45704,                 2.4738,                0.22577,                0.37786,                0.94753,                0.86811,                0.90795,                0.94368,                0.85047,                0.81865,                0.85623,                0.85085,                0.33425,                0.47203,                 3.2886,                0.28005,                0.48069,                 0.8717,              0.0006668,              0.0006668,              0.0006668
                    103,                0.42719,                 2.6057,                0.21166,                0.35124,                0.94005,                0.82997,                0.94828,                0.92011,                0.83207,                0.78463,                0.89655,                0.82439,                0.33871,                0.50626,                  3.323,                0.32576,                0.52902,                0.85499,              0.0006536,              0.0006536,              0.0006536
                    104,                0.44133,                 2.4397,                 0.2082,                0.36673,                0.92547,                0.86466,                0.93103,                0.93425,                0.84328,                0.83248,                0.89655,                0.86612,                0.34348,                 0.4941,                 3.2532,                0.26908,                0.50766,                0.83065,              0.0006404,              0.0006404,              0.0006404
                    105,                0.44215,                 2.5156,                0.20985,                0.38437,                0.93465,                0.86997,                0.93103,                0.95079,                0.84933,                0.80496,                0.86207,                0.83489,                0.33551,                0.53924,                 3.3021,                0.28413,                0.52651,                0.85991,              0.0006272,              0.0006272,              0.0006272
                    106,                0.43622,                 2.2313,                0.21929,                0.36207,                0.92853,                0.85517,                0.94828,                0.94953,                 0.8506,                  0.793,                0.85871,                0.82389,                0.33256,                0.49457,                 3.2689,                0.29993,                0.49172,                0.83711,               0.000614,               0.000614,               0.000614
                    107,                0.44621,                 2.4288,                0.22628,                0.38718,                 0.9336,                0.84373,                0.93088,                0.94443,                0.84289,                0.78076,                0.86207,                0.81364,                0.34505,                0.51529,                  3.266,                0.31666,                0.52097,                0.84173,              0.0006008,              0.0006008,              0.0006008
                    108,                0.45618,                 2.5227,                0.24693,                0.39091,                0.93938,                0.82294,                0.98276,                0.95662,                0.86257,                0.75068,                0.89655,                0.82229,                0.33742,                0.50077,                 3.2853,                0.29102,                0.49855,                0.82063,              0.0005876,              0.0005876,              0.0005876
                    109,                0.43884,                 2.3496,                0.21456,                0.35236,                0.94054,                0.81346,                0.97749,                0.94887,                0.84919,                0.74193,                0.89227,                0.82609,                0.32786,                0.51732,                  3.288,                0.32876,                0.53998,                0.82654,              0.0005744,              0.0005744,              0.0005744
                    110,                0.43477,                 2.3033,                0.20446,                0.36386,                0.93606,                0.83042,                0.92876,                0.94538,                0.85975,                0.78418,                 0.8771,                0.85009,                0.33427,                0.50207,                 3.3058,                0.25457,                0.52448,                0.82419,              0.0005612,              0.0005612,              0.0005612
                    111,                0.42722,                 2.4013,                0.22632,                0.36368,                0.93677,                0.84194,                0.91848,                0.95194,                0.87292,                0.79463,                 0.8673,                0.86641,                0.36182,                0.45656,                  3.278,                0.27602,                0.49568,                0.80058,               0.000548,               0.000548,               0.000548
                    112,                0.43728,                 2.1793,                0.21568,                0.35427,                0.93166,                0.80417,                0.96552,                0.95291,                0.88551,                0.74545,                0.89655,                 0.8619,                0.36786,                0.45351,                 3.2686,                 0.3778,                0.48031,                0.79681,              0.0005348,              0.0005348,              0.0005348
                    113,                0.40842,                 2.2847,                 0.2196,                0.35113,                0.91879,                0.80587,                0.96552,                 0.9523,                0.87603,                0.75624,                0.90939,                0.86778,                0.34518,                0.45857,                 3.2824,                0.33959,                0.48226,                0.81451,              0.0005216,              0.0005216,              0.0005216
                    114,                0.42597,                 2.2767,                0.21339,                0.34602,                0.94056,                0.84835,                0.93103,                0.93869,                0.84467,                0.78487,                0.86207,                0.80509,                0.31999,                0.48066,                 3.3137,                 0.2882,                 0.5003,                0.84811,              0.0005084,              0.0005084,              0.0005084
                    115,                0.40648,                 2.1642,                0.19866,                0.34018,                0.92584,                0.84947,                0.89655,                0.93315,                0.85178,                0.80021,                0.84483,                0.82553,                0.31401,                0.46691,                 3.2871,                  0.264,                0.52896,                0.84858,              0.0004952,              0.0004952,              0.0004952
                    116,                0.40379,                 2.3034,                0.20159,                0.34492,                0.93357,                 0.8229,                0.94828,                0.94743,                 0.8571,                 0.7776,                0.89655,                 0.8617,                0.32779,                0.47703,                 3.2543,                0.28715,                0.49232,                0.85054,               0.000482,               0.000482,               0.000482
                    117,                0.40221,                 2.2323,                 0.2054,                0.34185,                0.91446,                0.84979,                0.93103,                0.93241,                0.84212,                 0.7791,                0.91216,                0.84398,                0.34081,                  0.479,                  3.272,                0.26584,                0.48643,                  0.847,              0.0004688,              0.0004688,              0.0004688
                    118,                0.41335,                 2.2208,                0.19993,                0.33039,                0.93015,                0.84152,                0.91379,                0.92862,                0.84218,                 0.7767,                0.84483,                0.82584,                0.32209,                0.48792,                 3.3247,                0.34032,                0.51382,                0.86375,              0.0004556,              0.0004556,              0.0004556
                    119,                0.39814,                 2.1036,                0.19972,                0.34096,                0.94439,                0.84997,                0.91379,                0.93862,                0.85652,                0.82078,                0.82759,                0.84515,                0.33059,                0.46898,                 3.3222,                0.31048,                0.51915,                0.84157,              0.0004424,              0.0004424,              0.0004424
                    120,                0.38777,                 2.1442,                0.20034,                0.32453,                0.92135,                0.82982,                0.96552,                 0.9473,                0.86507,                0.74091,                0.86207,                0.81037,                0.34088,                0.46317,                 3.2921,                0.28905,                 0.4859,                0.82629,              0.0004292,              0.0004292,              0.0004292
                    121,                0.40371,                 2.2672,                0.20339,                0.35345,                0.92793,                0.83453,                0.96552,                0.94812,                0.87701,                0.75971,                0.87931,                0.83341,                0.34408,                0.45208,                 3.2652,                0.30513,                0.45554,                0.83206,               0.000416,               0.000416,               0.000416
                    122,                 0.3817,                 1.9936,                0.20541,                0.34036,                 0.9167,                0.83455,                0.96552,                0.94072,                0.86046,                0.77479,                0.89655,                0.82362,                0.33641,                0.45018,                 3.2873,                0.33696,                 0.4526,                0.81832,              0.0004028,              0.0004028,              0.0004028
                    123,                0.38212,                 2.2747,                0.19312,                0.31794,                0.90285,                0.82781,                0.96552,                0.93938,                0.86139,                0.75007,                0.87931,                0.80095,                0.33243,                0.41922,                 3.2942,                0.30195,                 0.4427,                0.79248,              0.0003896,              0.0003896,              0.0003896
                    124,                0.38934,                 2.2697,                0.20289,                0.33648,                0.92614,                0.89655,                0.89653,                0.94265,                0.86724,                0.86172,                0.86207,                 0.8713,                0.35067,                0.44453,                 3.2605,                0.23298,                0.45504,                 0.8142,              0.0003764,              0.0003764,              0.0003764
                    125,                0.38655,                 2.2711,                0.20407,                0.34189,                 0.9125,                0.89059,                0.89655,                0.94593,                0.86303,                0.85616,                0.86207,                0.88288,                0.33654,                0.44797,                 3.2758,                0.26698,                0.46869,                0.83002,              0.0003632,              0.0003632,              0.0003632
                    126,                0.38846,                 2.3126,                0.21094,                0.33951,                 0.9352,                0.88132,                0.89627,                0.95643,                0.88099,                0.76713,                0.90882,                0.87621,                0.33895,                0.43265,                 3.2766,                0.32545,                 0.4469,                0.82769,                0.00035,                0.00035,                0.00035
                    127,                0.37354,                 2.1638,                 0.2042,                0.32728,                0.91075,                0.83058,                0.94828,                0.95118,                0.87665,                 0.7852,                0.89655,                0.86723,                0.33228,                0.42885,                 3.2835,                0.37186,                0.45292,                0.84074,              0.0003368,              0.0003368,              0.0003368
                    128,                0.36049,                  2.242,                0.21046,                0.31524,                0.91511,                0.83021,                0.92736,                0.94713,                0.87506,                0.76848,                0.85848,                0.83249,                0.32361,                0.41206,                 3.2685,                0.26692,                0.45731,                0.82981,              0.0003236,              0.0003236,              0.0003236
                    129,                0.37051,                 2.1978,                0.19329,                0.30232,                0.91752,                0.80706,                0.94828,                0.95341,                0.87428,                0.76858,                0.91619,                0.89207,                0.35483,                0.42774,                  3.259,                0.26321,                0.45243,                0.83269,              0.0003104,              0.0003104,              0.0003104
                    130,                0.37877,                 2.3064,                 0.2061,                0.32392,                 0.9212,                0.82227,                0.95729,                0.95867,                0.88303,                0.77789,                 0.9058,                0.88921,                0.37196,                0.42928,                   3.25,                0.31076,                0.43473,                0.83236,              0.0002972,              0.0002972,              0.0002972
                    131,                0.37513,                 2.2147,                0.20757,                0.33994,                0.92067,                0.83492,                0.95928,                0.95717,                0.87865,                0.79019,                0.90914,                0.88934,                0.36746,                0.42251,                 3.2255,                0.29525,                0.44887,                0.82421,               0.000284,               0.000284,               0.000284
                    132,                0.34717,                 2.1361,                0.19651,                0.30658,                0.88928,                0.84183,                0.94828,                0.95703,                0.87139,                0.76303,                0.91379,                0.86706,                0.34854,                0.43332,                 3.2231,                0.29821,                0.47556,                0.82158,              0.0002708,              0.0002708,              0.0002708
                    133,                0.33672,                 2.1792,                0.20229,                0.29976,                0.89515,                0.84545,                0.94828,                0.95724,                0.87218,                0.78369,                0.87931,                0.86499,                0.34206,                 0.4454,                   3.22,                 0.2728,                0.47077,                 0.8206,              0.0002576,              0.0002576,              0.0002576
                    134,                0.36395,                 2.1252,                0.19706,                 0.3102,                0.92582,                0.84595,                0.94682,                0.96196,                0.88593,                0.79976,                0.89525,                0.88457,                0.35851,                0.44017,                 3.2378,                0.23245,                0.44057,                0.81479,              0.0002444,              0.0002444,              0.0002444
                    135,                0.34247,                  2.077,                0.20101,                0.30288,                0.90019,                0.84596,                0.94689,                0.96424,                0.88555,                0.78438,                0.87812,                0.87624,                0.36801,                0.44681,                 3.2412,                 0.3047,                0.43184,                0.81965,              0.0002312,              0.0002312,              0.0002312
                    136,                0.35238,                 2.1406,                0.19302,                0.30165,                0.89423,                0.84102,                0.93103,                0.96165,                0.88484,                0.79424,                0.87931,                0.88539,                0.35425,                0.44213,                 3.2248,                 0.3046,                0.42727,                0.82967,               0.000218,               0.000218,               0.000218
                    137,                0.34968,                 2.0589,                0.18727,                0.29869,                0.90235,                0.81048,                0.95856,                0.96074,                0.88828,                0.76696,                0.90794,                 0.8791,                0.35992,                0.43903,                  3.234,                0.26385,                0.42303,                0.83905,              0.0002048,              0.0002048,              0.0002048
                    138,                0.35724,                 2.1937,                0.20798,                0.31223,                0.91995,                0.81084,                0.96085,                0.95639,                0.88671,                0.76723,                0.90929,                0.87392,                0.36089,                0.44245,                 3.2526,                0.26604,                0.42892,                0.84383,              0.0001916,              0.0001916,              0.0001916
                    139,                 0.3408,                 1.9625,                0.18892,                0.28752,                0.89962,                0.80853,                0.96552,                 0.9544,                0.87469,                0.75071,                0.89655,                0.84944,                0.33509,                 0.4214,                 3.2517,                0.31343,                0.44324,                0.83554,              0.0001784,              0.0001784,              0.0001784
                    140,                0.33103,                 2.1431,                 0.1963,                0.29266,                0.89921,                 0.8229,                0.96139,                0.95583,                 0.8796,                0.77862,                0.90967,                0.86824,                0.33018,                0.41959,                 3.2476,                0.37167,                0.45267,                0.83211,              0.0001652,              0.0001652,              0.0001652
                    141,                0.28468,                 1.7177,                0.17034,                0.26278,                0.88996,                0.82332,                0.96416,                0.95401,                0.87772,                0.76449,                0.89548,                0.84495,                0.33212,                0.42824,                 3.2559,                0.29687,                0.46157,                0.84445,               0.000152,               0.000152,               0.000152
                    142,                0.25256,                 1.6915,                0.15466,                0.23718,                0.85787,                0.89552,                0.87931,                0.94824,                0.87057,                0.82407,                0.81034,                0.83251,                0.31953,                0.44227,                 3.2719,                0.21388,                0.48338,                0.86266,              0.0001388,              0.0001388,              0.0001388
                    143,                0.24224,                 1.7014,                 0.1486,                0.22534,                0.86124,                0.87223,                0.89655,                 0.9469,                0.86781,                0.82191,                0.84483,                0.85182,                0.31706,                 0.4366,                 3.2628,                0.20913,                0.47763,                0.85609,              0.0001256,              0.0001256,              0.0001256
                    144,                0.24519,                 1.5092,                0.14641,                 0.2363,                0.85915,                0.89309,                0.91379,                0.95354,                0.87507,                0.84561,                0.84993,                0.87476,                0.32308,                0.41881,                 3.2737,                0.25745,                0.43262,                0.84644,              0.0001124,              0.0001124,              0.0001124
                    145,                0.24479,                 1.6407,                0.13776,                0.22787,                0.84125,                0.90893,                0.86042,                 0.9562,                0.88135,                0.86844,                 0.7931,                0.85253,                0.33305,                0.41597,                 3.2993,                0.27982,                0.42288,                0.84345,               9.92e-05,               9.92e-05,               9.92e-05
                    146,                0.23612,                 1.4392,                0.14734,                0.21997,                0.86939,                0.83376,                0.96552,                0.95541,                0.87969,                0.87834,                0.81034,                0.85733,                0.34625,                0.41599,                 3.2693,                0.25829,                0.42795,                0.84113,                8.6e-05,                8.6e-05,                8.6e-05
                    147,                0.24009,                 1.4758,                0.12823,                0.21964,                0.85149,                0.84276,                0.96552,                0.95645,                0.88034,                 0.7973,                0.91379,                0.87151,                0.35063,                0.42208,                 3.2502,                0.23661,                0.44231,                0.84514,               7.28e-05,               7.28e-05,               7.28e-05
                    148,                0.22317,                 1.6781,                0.13012,                0.20543,                0.84077,                0.84719,                0.96552,                0.95428,                0.87937,                0.81693,                0.93103,                0.88833,                0.35349,                 0.4212,                 3.2429,                0.23476,                0.44394,                  0.846,               5.96e-05,               5.96e-05,               5.96e-05
                    149,                0.22014,                 1.7809,                0.13748,                0.20513,                0.82954,                 0.8357,                0.96465,                0.95333,                0.88172,                0.80588,                0.93053,                0.88515,                0.34801,                0.41486,                 3.2455,                0.23679,                0.44158,                0.84356,               4.64e-05,               4.64e-05,               4.64e-05
                    150,                0.22347,                 1.5656,                0.11928,                0.20408,                0.84698,                 0.8839,                0.87931,                0.95207,                0.87518,                0.84901,                0.84483,                0.88389,                 0.3467,                0.40935,                 3.2483,                 0.2431,                0.44298,                0.84135,               3.32e-05,               3.32e-05,               3.32e-05
